<?xml version="1.0" encoding="UTF-8"?>
<!DOCTYPE hibernate-configuration PUBLIC "-//Hibernate/Hibernate Configuration DTD//EN"
                                        "http://hibernate.sourceforge.net/hibernate-configuration-3.0.dtd">
<hibernate-configuration>
 <session-factory>
 
  <property name="hibernate.connection.driver_class">oracle.jdbc.driver.OracleDriver</property>
  <property name="hibernate.connection.url">jdbc:oracle:thin:@127.0.0.1:1521:XE</property>
  <property name="hibernate.connection.username">user1</property>
  <property name="hibernate.connection.password">1234</property>
  <property name="dialect">org.hibernate.dialect.Oracle10gDialect</property>
   
   
  <property name="show_sql">true</property>
  <property name="hibernate.hbm2ddl.auto">create</property>
  <mapping class="com.g3.spc.entities.Exam"/>
  <mapping class="com.g3.spc.entities.Subject"/>
  <mapping class="com.g3.spc.entities.ClassId"/>
  <mapping class="com.g3.spc.entities.Teacher"/>
  
  
  
 
 </session-factory>
</hibernate-configuration>